name,website,scraped_insights,lead_score,personalized_message
Cisco,https://www.cisco.com/,"*   Provides integrated hardware and software solutions encompassing networking, security, observability, and computing.
*   Focuses on enabling and securing IT infrastructure for enterprises, large organizations, and data centers, with a strong emphasis on AI-driven transformation.",10/10: Their strong emphasis on AI-driven transformation and enabling IT infrastructure for large organizations points to a critical need for high-performance workstations and servers.,"Subject: Powering Cisco's AI Transformation: High-Performance Hardware for Your Initiatives

Dear Cisco Leadership Team,

I'm reaching out today from [Your Hardware Store Name] because I've been following Cisco's incredible work in enabling and securing IT infrastructure, particularly your **strong emphasis on AI-driven transformation**.

Your commitment to integrating advanced AI across networking, security, and computing solutions for enterprises and data centers truly positions Cisco at the forefront of the industry. As you know, delivering on the immense promise of AI – from intensive model training to efficient inference at scale – demands an incredibly robust and high-performance underlying hardware foundation. This often translates into a critical need for specialized workstations and servers that can handle the sheer computational demands.

At [Your Hardware Store Name], we specialize in providing the cutting-edge hardware solutions purpose-built for these intensive requirements. We understand the nuances of high-throughput computing, GPU acceleration, ultra-fast storage, and scalable server architectures crucial for advanced AI development and deployment within large-scale environments like those Cisco supports. We're equipped to supply everything from individual high-end components to custom-configured server racks, ensuring your teams have the powerful tools they need.

We believe we can be a valuable partner in ensuring your internal development teams and solution architects have access to the optimal hardware to accelerate your AI initiatives and maintain your leadership in IT infrastructure.

Would you be open to a brief 15-minute call next week to explore how our tailored hardware solutions could directly support your AI development and deployment roadmap? Please let me know what day and time works best for your schedule.

Best regards,

[Your Name]
B2B Sales Expert
[Your Hardware Store Name]
[Your Phone Number]
[Your Website]"
Tenable,https://www.tenable.com/,"*   Offers the Tenable One Exposure Management Platform and a suite of specialized cybersecurity products.
*   These solutions enable organizations to identify, assess, and mitigate cyber risks and vulnerabilities across their entire digital attack surface, including IT, cloud, OT/IoT, and identity systems.
*   Their customers are large enterprises and public sector entities across diverse industries (e.g., finance, healthcare, energy, manufacturing) seeking to enhance their security posture and comply with regulations.",9/10: Their development of a complex exposure management platform for large enterprises implies a significant technical team needing powerful workstations and robust server infrastructure for R&D and data-intensive operations.,"Subject: Supporting Tenable's High-Performance Exposure Management Platform Development

Dear [Tenable Contact Name],

I've been following Tenable's impressive work in cybersecurity, particularly the Tenable One Exposure Management Platform. It's clear that developing and continually enhancing a solution capable of identifying, assessing, and mitigating cyber risks across such a vast digital attack surface – including IT, cloud, OT/IoT, and identity systems – demands immense computing power.

Our understanding is that for a company like Tenable, with a significant technical team focused on cutting-edge R&D and data-intensive operations, having access to robust workstations and scalable server infrastructure isn't just a convenience – it's a critical enabler for innovation and efficiency. Your need for powerful hardware to support complex development, rigorous testing environments, and advanced data analytics is precisely where we excel.

We specialize in providing high-performance hardware solutions that empower teams like yours. This includes custom-built workstations optimized for software development and data analysis, as well as robust server infrastructure designed for demanding CI/CD pipelines and large-scale data processing, all tailored to meet the specific requirements of enterprise-grade security development.

Would you be open to a brief 15-minute call next week to explore how we could potentially support Tenable's hardware needs and enhance your team's productivity?

Perhaps Tuesday or Wednesday afternoon works best?

Best regards,

[Your Name]
B2B Sales Expert
[Your Company Name]
[Your Phone Number]
[Your Email Address]"
Proofpoint,https://www.proofpoint.com/us,"*   Provides comprehensive cybersecurity solutions focused on protecting organizations' people and and data from advanced, human-centric threats.
*   Offers a suite of products covering areas like email protection, data security and governance, cloud security, and security awareness training, primarily serving enterprise and public sector clients.","9/10: Their development of advanced cybersecurity solutions for enterprise clients suggests a strong need for high-performance computing resources for R&D, data analysis, and complex threat simulations.","Subject: Powering Proofpoint's Cybersecurity Innovation: A Hardware Perspective

Dear Proofpoint Team,

My name is [Your Name] and I'm a B2B sales expert at [Your Computer Hardware Store Name]. We specialize in providing high-performance computing resources to leading technology and enterprise organizations.

We deeply admire Proofpoint's mission and impact. We understand that **Proofpoint provides comprehensive cybersecurity solutions focused on protecting organizations' people and data from advanced, human-centric threats.** Your suite of products, from email protection to cloud security and security awareness training, clearly demonstrates a commitment to innovation in a critical field.

Given your continuous development of cutting-edge cybersecurity solutions for enterprise clients, we recognize a significant demand for robust, high-performance computing resources. Your critical R&D, intricate data analysis, and complex threat simulations undoubtedly require hardware that can keep pace with your ingenuity. Our lead score analysis indicates a 9/10 likelihood that optimizing these core functions is a priority.

We supply top-tier servers, workstations, and specialized components designed to accelerate the most demanding workloads. Partnering with us means ensuring your engineers and researchers have the power needed to push the boundaries of threat intelligence, accelerate development cycles, and enhance the accuracy of your threat models.

Would you be open to a brief 15-minute call next week to explore how tailored hardware solutions could directly support Proofpoint's strategic initiatives and technical requirements?

Best regards,

[Your Name]
[Your Title]
[Your Computer Hardware Store Name]
[Your Phone Number/Email]"
Zscaler,https://www.zscaler.com/,"*   Offers cloud-native Zero Trust security platforms and solutions for secure internet, private application access, cloud workload protection, and IoT/OT security.
*   Primarily serves large enterprises, government organizations, and other major entities across industries like healthcare, finance, and education.","10/10: Their development of complex, data-intensive Zero Trust and IoT/OT security platforms for large enterprises implies a significant need for high-performance workstations and servers for R&D and data processing.","Subject: Powering Zscaler's Innovation: High-Performance Hardware for Zero Trust & IoT/OT

Dear [Contact Name],

I'm reaching out from [Your Computer Hardware Store Name] because we've been consistently impressed by Zscaler's pioneering work in cloud-native Zero Trust security and your commitment to securing critical infrastructure for large enterprises and government entities.

We understand that developing and maintaining your sophisticated platforms, particularly your **IoT/OT security solutions**, demands an immense amount of processing power, data crunching, and continuous R&D. Our analysis indicates (with a lead score of 10/10!) that Zscaler likely has a significant and ongoing need for robust, high-performance workstations and servers to support the intensive data processing and complex simulations inherent in your cutting-edge development and testing environments.

Our expertise lies in providing custom-configured computer hardware solutions designed for organizations with the most demanding requirements. From high-end engineering workstations optimized for complex algorithm development to scalable server infrastructure for large-scale data analysis, we can provide the precise tools your teams need to accelerate innovation, reduce bottlenecks, and ensure the reliability critical for serving your global client base.

Would you be open to a brief 15-minute call next week to explore how we could specifically tailor a hardware solution to support your current and future development initiatives?

Please let me know what day and time works best for you, or feel free to suggest another way to connect.

Best regards,

[Your Name]
[Your Title]
[Your Computer Hardware Store Name]
[Your Phone Number]
[Your Email Address]
[Your Website]"
Barracuda Networks,https://www.barracuda.com/,"*   Barracuda provides a comprehensive suite of cybersecurity solutions across a platform, including protection for email, data, networks, web applications, and APIs, alongside managed XDR services.
*   Their offerings aim to secure IT environments, both on-site and in the cloud (specifically Microsoft 365 and Entra ID), against threats like ransomware, phishing, and data loss.
*   Their primary customers are businesses seeking robust security for their operations, as well as Managed Service Providers (MSPs) who integrate Barracuda's solutions to enhance their own service offerings.","9/10: Their extensive cybersecurity and managed XDR services inherently demand high-performance workstations for development and analysis, alongside robust server infrastructure to power their complex operations and service delivery.","Subject: Empowering Barracuda Networks' Innovation with Tailored Hardware Solutions

Dear Barracuda Networks Team,

As a B2B sales expert specializing in high-performance computer hardware, I've been consistently impressed by Barracuda Networks' leadership in the cybersecurity space. Your dedication to providing a *comprehensive suite of cybersecurity solutions, from email and data protection to web application and API security, alongside cutting-edge managed XDR services*, truly sets a high bar in securing IT environments.

It's clear that delivering such a robust and critical service—especially protecting against threats like ransomware and phishing for businesses and MSPs globally—demands an equally robust and high-performing underlying IT infrastructure. Our assessment indicates that your extensive development and analysis activities, coupled with the need to power complex operations and service delivery, inherently require top-tier, reliable hardware.

At [Your Hardware Store Name], we specialize in providing the kind of enterprise-grade computer hardware that underpins the work of industry leaders like yourselves. Whether it's high-performance workstations for your engineering and threat intelligence teams, or scalable server and storage solutions to underpin your cloud and on-premise security platforms, we understand the unique demands of your high-performance computing environment. We focus on delivering tailored solutions that ensure reliability, scalability, and efficiency, directly supporting your continuous innovation and operational excellence.

I would greatly appreciate the opportunity for a brief, 15-minute call to discuss how our specialized hardware solutions could further empower Barracuda Networks' critical operations and enhance your service delivery capabilities.

Are you available sometime next week for a quick chat?

Best regards,

[Your Name]
B2B Sales Expert
[Your Hardware Store Name]
[Your Phone Number]
[Your Email Address]
[Your Website]"
